{"train/loss": 5.5083, "train/learning_rate": 0.0005998934848537618, "train/epoch": 0.01, "train/global_step": 2000, "_timestamp": 1708587102.389884, "_runtime": 555.8082220554352, "_step": 0, "_wandb": {"runtime": 565}}