{"train/loss": 5.6356, "train/learning_rate": 0.0005998934848537618, "train/epoch": 0.01, "train/global_step": 2000, "_timestamp": 1708627363.1076162, "_runtime": 703.0347702503204, "_step": 0, "_wandb": {"runtime": 710}}