{"train/loss": 8.6977, "train/grad_norm": 1.6017264127731323, "train/learning_rate": 4.000000000000001e-06, "train/epoch": 0.67, "train/global_step": 20, "_timestamp": 1712740096.8591769, "_runtime": 6144.463730812073, "_step": 27, "eval/loss": 8.386857986450195, "eval/runtime": 4.4423, "eval/samples_per_second": 2.251, "eval/steps_per_second": 2.251, "train/train_runtime": 1740.8557, "train/train_samples_per_second": 0.551, "train/train_steps_per_second": 0.017, "train/total_flos": 1.810217094438912e+16, "train/train_loss": 9.349660491943359, "_wandb": {"runtime": 6540}}