{"train/loss": 5.5624, "train/learning_rate": 0.0005998934848537618, "train/epoch": 0.01, "train/global_step": 2000, "_timestamp": 1708628326.5731122, "_runtime": 607.0380773544312, "_step": 0, "_wandb": {"runtime": 615}}