{"train/loss": 10.6282, "train/grad_norm": 3.176562786102295, "train/learning_rate": 6e-06, "train/epoch": 1.0, "train/global_step": 30, "_timestamp": 1712733514.9954548, "_runtime": 452.8933959007263, "_step": 7, "eval/loss": 10.622215270996094, "eval/runtime": 1.6488, "eval/samples_per_second": 6.065, "eval/steps_per_second": 6.065, "train/train_runtime": 451.2536, "train/train_samples_per_second": 2.127, "train/train_steps_per_second": 0.066, "train/total_flos": 6143216978042880.0, "train/train_loss": 10.899973297119141, "_wandb": {"runtime": 619}}