{"train/train_runtime": 23.7622, "train/train_samples_per_second": 0.547, "train/train_steps_per_second": 0.295, "train/total_flos": 617114457079808.0, "train/train_loss": 6.3788942609514505, "train/epoch": 1.0, "train/global_step": 7, "_timestamp": 1708509093.9456966, "_runtime": 23.749220609664917, "_step": 0, "_wandb": {"runtime": 28}}